CLUB,NAMA,TAHUN,L/P,TB,BB,KATEGORI FESTIVAL,cluster
ZTC BINJAI,HARUMI SAHPUTRI,2008,P,155.0,46.0,JUNIOR,0
HTC PUTRA JAYA STABAT,Lawren Ivana Pasaribu,2008,P,160.0,63.0,JUNIOR,2
TKD GOR Dairi,Lastri Roma Arta siringoringo,2008,P,155.0,52.0,JUNIOR,0
TKD GOR Dairi,Riesya Salsabila,2007,P,158.0,59.0,JUNIOR,2
FATHUR-RAHMAN TKD,MAULIDZA AYU ANDITA,2009,P,160.0,52.0,JUNIOR,0
HASAKU,NABILA HAFNI SARAGIH,2007,P,150.0,42.0,JUNIOR,1
KTTC, NAZWA FAHRI,2007,P,169.0,58.0,JUNIOR,2
TAEKWONDO GOLDEN STAR,YUS SYAHRANI,2008,P,158.0,45.0,JUNIOR,0
TAEKWONDO GOLDEN STAR,KEYLA ALIF KHAN,2008,P,162.0,52.0,JUNIOR,0
KUTALIMBARU TC,Margareth Clara Br Tarigan,2009,P,164.0,78.0,JUNIOR,2
KUTALIMBARU TC,Marsellita Br Sembiring,2008,P,159.0,62.8,JUNIOR,2
KUTALIMBARU TC,Geisa Afrianti Br Ketaren,2010,P,158.0,55.8,JUNIOR,0
TI BATU BARA,AMIROH YASMIN SIREGAR,2007,P,160.0,59.0,JUNIOR,2
RAJAWALI CLUB,Annisa Tri Kirani,2009,P,154.0,42.0,JUNIOR,1
MTC SERGAI,SYAVIRA SYAHIDATUN NAZILA,2009,P,163.0,45.0,JUNIOR,0
KHENZUA FIGHTER,TALYTHA MAISAAN,2008,P,158.0,47.0,JUNIOR,0
RAI TAEKWONDO TEAM,Thalita Lutfi ,2009,P,152.0,50.0,JUNIOR,1
RAI TAEKWONDO TEAM,Siti Azzahra Wibowo ,2007,P,162.0,64.0,JUNIOR,2
RAI TAEKWONDO TEAM,Nur Hafifah,2009,P,150.0,44.0,JUNIOR,1
ALAM LEUSER,ADINDA BR SEMBIRING,2008,P,160.0,59.0,JUNIOR,2
TIGER SUMATERA BINJAI,AIRA FADHILLAH,2009,P,146.0,42.0,JUNIOR,1
TIGER SUMATERA BINJAI,AVISSA DHIAULHAQ DENRYAS,2009,P,145.0,42.0,JUNIOR,1
TIGER SUMATERA BINJAI,DERI INDRIANI,2007,P,153.0,52.0,JUNIOR,1
TIGER SUMATERA BINJAI,NOVITA AIRIN,2008,P,158.0,55.0,JUNIOR,0
TIGER SUMATERA BINJAI,RAZWA LUHTFIA,2007,P,150.0,59.0,JUNIOR,1
R.A ONE,INDRIA KHAIRUNNISA FAIHA,2009,P,170.0,68.0,JUNIOR,2
UKM TAEKWONDO USU,LAILA NAZARI,2007,P,158.0,67.0,JUNIOR,2
SIBAYAK LIONS CLUB,IVANA CALISTA JAWAK ,2009,P,159.0,42.0,JUNIOR,0
SIBAYAK LIONS CLUB,VINESIA ANNA GINTING ,2008,P,159.0,44.0,JUNIOR,0
SIBAYAK LIONS CLUB,YANI APRILIA ,2008,P,159.0,49.0,JUNIOR,0
SIBAYAK LIONS CLUB,CHELSY VIOLANTA ,2007,P,161.0,52.0,JUNIOR,0
SIBAYAK LIONS CLUB,CERIA CHRISTI TARIGAN,2009,P,150.0,52.0,JUNIOR,1
SB CLUB,RENA ARNETA,2009,P,160.0,50.0,JUNIOR,0
SB CLUB,NUR AZIZAH PUTRI,2009,P,145.0,40.0,JUNIOR,1
UNIKA,Helena Olivia Simamora,2008,P,149.0,42.0,JUNIOR,1
TBBC BELAWAN,CHELSEA ANANDA ZALIKHA,2009,P,157.0,49.0,JUNIOR,0
GASS TEAM,RAZITA NURI MR,2009,P,152.0,46.0,JUNIOR,1
MIKRONOM,Tri Wulandari Girsang ,2007,P,160.0,48.0,JUNIOR,0
MIKRONOM,Roschella Teisha Wiedalkho,2009,P,155.0,52.3,JUNIOR,0
