CLUB,NAMA,TAHUN,L/P,TB,BB,KATEGORI FESTIVAL,cluster
HTC PUTRA JAYA STABAT,M. FAKHRI YUDHISTIRANDRA,2009,L,150.0,45.0,JUNIOR,1
TKD GOR Dairi,Arnold septiawan ompusunggu,2007,L,164.0,51.0,JUNIOR,0
TKD GOR Dairi,Tiras Wijaya Sembiring ,2009,L,165.0,48.0,JUNIOR,0
TKD GOR Dairi,Hagai lumban tobing,2009,L,165.0,51.0,JUNIOR,0
TKD GOR Dairi,William supratno berutu,2007,L,167.0,59.0,JUNIOR,0
SMPN 8 BINJAI,DECO DWI ALANSYAH,2007,L,168.0,52.9,JUNIOR,0
PETARUNG 0206 ,GABRIEL CHRISTIAN ARIESTA SITOMPUL,2009,L,163.0,54.0,JUNIOR,0
PETARUNG 0206 ,TAMBOK HM GURNING,2009,L,165.0,58.0,JUNIOR,0
PETARUNG 0206 ,MARUBA PARDINGOTAN KUDADIRI,2007,L,162.0,60.0,JUNIOR,0
HASAKU,SAUQI FIRHAT,2008,L,160.0,48.0,JUNIOR,1
HASAKU,RICHARD ALFREDO SIRAIT,2009,L,168.0,51.0,JUNIOR,0
HASAKU,ARJUNA,2008,L,168.0,59.0,JUNIOR,0
TAEKWONDO GOLDEN STAR,AKEYLA LUTHFI SYAFIQ,2009,L,165.0,55.0,JUNIOR,0
Stosa Taekwondo Club,Joel Ishak Hamonangan Silalahi,2008,L,169.0,70.0,JUNIOR,2
Stosa Taekwondo Club,Daniel Arapenta Pinem,2008,L,174.0,64.0,JUNIOR,2
Stosa Taekwondo Club,Malvyn Mackenzy Menachem,2008,L,172.0,85.0,JUNIOR,2
Stosa Taekwondo Club,Don juan A. Sitanggang,2009,L,166.0,60.0,JUNIOR,0
Stosa Taekwondo Club,Pahala Ignatius Sitanggang,2009,L,166.0,59.0,JUNIOR,0
TI BATU BARA,ALFARIZI RIZQULLAH,2009,L,165.0,78.0,JUNIOR,2
RAJAWALI CLUB,Janberisco Romualdus Manik,2009,L,172.0,62.0,JUNIOR,0
MTC SERGAI,FAISAL GHAZALI SAGALA,2009,L,165.0,63.0,JUNIOR,0
ROYAL SUMATERA TEAM,MUHAMMAD FADLIN AZIMA,2007,L,175.0,69.0,JUNIOR,2
RAI TAEKWONDO TEAM,Raditya Raffi Rinaldi ,2008,L,170.0,85.0,JUNIOR,2
RAI TAEKWONDO TEAM,Attlaullah Azzam ,2009,L,156.0,45.0,JUNIOR,1
RAI TAEKWONDO TEAM, Muhammad Alfaiz Filamrain ,2009,L,155.0,48.0,JUNIOR,1
RAI TAEKWONDO TEAM,Ramzy Ananda Pohan ,2008,L,164.0,50.0,JUNIOR,0
RAI TAEKWONDO TEAM,Ilham Lutfi Sipahutar,2009,L,173.0,78.0,JUNIOR,2
ALAM LEUSER,JUANDRA PRASTIO,2009,L,168.0,59.0,JUNIOR,0
TIGER SUMATERA BINJAI,DERRYL PRATAMA GINTING,2009,L,159.0,48.0,JUNIOR,1
TIGER SUMATERA BINJAI,DARREL PERDANA GINTING,2009,L,158.0,55.0,JUNIOR,1
TIGER SUMATERA BINJAI,AHMAD MAULANA NASUTION,2009,L,164.0,55.0,JUNIOR,0
TIGER SUMATERA BINJAI,JUAN FELIX TARIGAN,2007,L,178.0,59.0,JUNIOR,2
TIGER SUMATERA BINJAI,BASTIYAN,2007,L,155.0,45.0,JUNIOR,1
R.A ONE,ARRAJASYAH,2008,L,168.0,63.0,JUNIOR,0
UKM TAEKWONDO USU,ALDY PRATAMA PINEM,2007,L,175.0,77.0,JUNIOR,2
UKM TAEKWONDO USU,DEUS GERHANA DEPARI,2008,L,160.0,48.0,JUNIOR,1
SIBAYAK LIONS CLUB,FACHRIAL HANAFI,2007,L,169.0,64.0,JUNIOR,0
SIBAYAK LIONS CLUB,ZUHRIANSYAH HAFIDZ,2009,L,154.0,45.0,JUNIOR,1
SIBAYAK LIONS CLUB,MARIO AMANDA SITEPU,2009,L,155.0,48.0,JUNIOR,1
SIBAYAK LIONS CLUB,DIKA PRIMA SURBAKTI,2007,L,155.0,50.0,JUNIOR,1
SIBAYAK LIONS CLUB,M.NDARAM S KELOKO,2009,L,162.0,51.0,JUNIOR,1
SIBAYAK LIONS CLUB,JULIUS PEDRO SIMAMORA ,2008,L,164.0,51.0,JUNIOR,0
SIBAYAK LIONS CLUB,AGATHA MARCHEL SEMBIRING,2007,L,160.0,52.0,JUNIOR,1
SIBAYAK LIONS CLUB,RIZKY PRANATA SEMBIRING,2009,L,160.0,52.0,JUNIOR,1
SIBAYAK LIONS CLUB,ADRIAN BASTOTO,2008,L,165.0,54.0,JUNIOR,0
SIBAYAK LIONS CLUB,ANGGA DEFENDER,2009,L,161.0,54.0,JUNIOR,1
SIBAYAK LIONS CLUB,EZER GINTING,2010,L,160.0,55.0,JUNIOR,1
SIBAYAK LIONS CLUB,ALMALSAR,2009,L,160.0,55.0,JUNIOR,1
SIBAYAK LIONS CLUB,GERRY JAYA WINATA,2007,L,160.0,57.0,JUNIOR,1
SIBAYAK LIONS CLUB,BREMADANI SEMBIRING,2007,L,163.0,58.0,JUNIOR,0
SIBAYAK LIONS CLUB,JONATHAN THERICO,2007,L,160.0,58.0,JUNIOR,1
AL-USWAH,RIDHO PRISMA SIREGAR,2008,L,169.0,51.0,JUNIOR,0
AL-USWAH,AZWAR RADHILAH,2008,L,169.0,55.0,JUNIOR,0
AL-USWAH,RIZKI ROHIM,2008,L,162.0,48.0,JUNIOR,1
AL-USWAH,IMAM NUR ALIM FACHRY,2008,L,162.0,50.0,JUNIOR,1
AL-USWAH,RAHLI ARFATH,2008,L,160.0,58.0,JUNIOR,1
AL-USWAH,M ALIF LAM MIM,2007,L,158.0,80.0,JUNIOR,2
AL-USWAH,AJI SEDENO SYAMHARAMID,2007,L,162.0,45.0,JUNIOR,1
AL-USWAH,Ranaldi Ecan PRATAMA SBR,2007,L,165.0,54.0,JUNIOR,0
PAB SAENTIS,PRAYOGA SAPUTRA LIMBONG,2009,L,165.0,51.0,JUNIOR,0
TBBC BELAWAN,BERKAT SYAHPUTRA SIALLAGAN,2007,L,156.0,55.0,JUNIOR,1
GASS TEAM,RIDHO,2009,L,165.0,50.0,JUNIOR,0
GASS TEAM,JORDAN ALASKA BANGUN,2007,L,172.0,67.0,JUNIOR,2
MIKRONOM,Jeremian Didascou Sitanggang,2007,L,167.0,57.0,JUNIOR,0
MIKRONOM,Rafael Sitorus,2003,L,170.0,62.0,JUNIOR,0
MIKRONOM,Very Chandra,2007,L,179.0,90.0,JUNIOR,2
MIKRONOM,Patrick Shira,2007,L,178.0,76.5,JUNIOR,2
MIKRONOM,Chelsen,2007,L,167.0,69.0,JUNIOR,2
MIKRONOM,Benaya Eliezer Siadari,2009,L,172.0,72.3,JUNIOR,2
MIKRONOM,Alvin Anggara,2009,L,171.0,69.0,JUNIOR,2
MIKRONOM,Jeafer Alexander Thiam,2009,L,166.0,56.0,JUNIOR,0
MIKRONOM,Joy Yakin Pasaribu,2007,L,165.0,59.0,JUNIOR,0
MIKRONOM,Aditya Rafqy,2006,L,168.0,63.0,JUNIOR,0
MIKRONOM,ORVIN PASARIBU,2010,L,158.0,43.0,JUNIOR,1
MIKRONOM,Baginda ButarButar,2008,L,169.0,50.0,JUNIOR,0
