CLUB,NAMA,TAHUN,L/P,TB,BB,KATEGORI FESTIVAL,cluster
ZTC BINJAI,EVAN SATRIA BANGUN,2012,L,151.0,49.0,KADET,0
ZTC BINJAI,FECHDRI AGINA SIREGAR,2012,L,150.0,37.0,KADET,1
ZTC BINJAI,CHRISKI ANANTA SIREGAR,2011,L,152.0,37.0,KADET,1
HTC PUTRA JAYA STABAT,Sinar Husni Adi Siregar,2011,L,170.0,61.0,KADET,2
MAVERICKS,TRISTAN SIMORANGKIR,2010,L,160.0,53.0,KADET,0
MAVERICKS,PETRA SIHOMBING,2012,L,140.0,41.0,KADET,1
MAVERICKS,LEONEL SABAM SIAHAAN,2012,L,131.0,33.0,KADET,3
MAVERICKS,KEVIN WILLIAM SINAGA,2012,L,144.0,30.0,KADET,1
FATHUR-RAHMAN TKD,TEGUH WIJAYA,2012,L,135.0,40.0,KADET,3
SMPN 8 BINJAI,JOSUA RENGGA PRATAMA HUTAPEA,2010,L,168.0,64.1,KADET,2
HIRMAT TC,Muhammad Afas Ramadhan,2011,L,149.0,37.0,KADET,1
HASAKU,MUHAMMAD FATIR RIZAL RAIS DAYLI,2010,L,160.0,49.0,KADET,0
HASAKU,IMAM PRASETYO JAHARI,2010,L,158.0,53.0,KADET,0
Durin tonggal,Tobi Prima Ginting ,2012,L,135.0,49.0,KADET,3
Durin tonggal ,Felix Christian ,2011,L,150.0,49.0,KADET,0
Durin tonggal ,Steven Fajar Tarigan ,2012,L,133.0,33.0,KADET,3
Ar-rahman Taekwondo Club,Alvaro Edgina Winata,2011,L,157.0,45.0,KADET,0
TI BATU BARA,GILANG PRABOWO,2011,L,162.0,49.0,KADET,0
TI BATU BARA,FAIZ RIZKY ANANDA,2011,L,144.0,45.0,KADET,1
RAJAWALI CLUB,Steven Imanuel Lumban Gaol,2012,L,141.0,34.0,KADET,1
MTC SERGAI,ZEZY ALWIANSYAH AZRI,2010,L,162.0,45.0,KADET,0
MTC SERGAI,MUHAMMAD IKROM LUBIS,2010,L,148.0,45.0,KADET,1
MTC SERGAI,MARIO OMPU SUNGGU,2010,L,110.0,33.0,KADET,3
MTC SERGAI,JOEL TOBIAS SIBURIAN,2010,L,154.0,36.0,KADET,1
MTC SERGAI,BINTANG ALMUTADIBILLAH SAGALA,2010,L,160.0,57.0,KADET,2
ROYAL SUMATERA TEAM,RIVALDI,2008,L,176.0,73.0,KADET,2
ROYAL SUMATERA TEAM,ABDILLAH HANIF,2011,L,169.0,61.0,KADET,2
RAI TAEKWONDO TEAM,Joenathan Chirtian Panjaitan ,2011,L,135.0,33.0,KADET,3
RAI TAEKWONDO TEAM,Jefri  Efraim Sibarani ,2012,L,160.0,48.0,KADET,0
Kazoku Taekwondo Team,Geo Dzaki,2011,L,140.0,37.0,KADET,1
Kazoku Taekwondo Team,Galih Affandy,2010,L,163.0,49.0,KADET,0
Kazoku Taekwondo Team,Akhdan Rafif,2010,L,163.0,53.0,KADET,0
Kazoku Taekwondo Team,Syeilendra Abimanyu,2010,L,163.0,65.0,KADET,2
ALAM LEUSER,M.ZAIFATULLAH AKBAR,2010,L,168.0,49.0,KADET,0
TIGER SUMATERA BINJAI,ALDO MERYICLE SEMBIRING,2010,L,159.0,53.0,KADET,0
TIGER SUMATERA BINJAI,DIRA AGUSTIAN SIREGAR,2010,L,159.0,45.0,KADET,0
TIGER SUMATERA BINJAI,RADITYA ZAHRAN KHAIRY,2011,L,152.0,33.0,KADET,1
TIGER SUMATERA BINJAI,HAFIZH MARSYA RAMADHAN,2011,L,142.0,37.0,KADET,1
TIGER SUMATERA BINJAI,PUTRA SEMBIRING,2010,L,162.0,45.0,KADET,0
TIGER SUMATERA BINJAI,M RIAN ARIH GINTING,2010,L,164.0,45.0,KADET,0
TIGER SUMATERA BINJAI,FAHRRUL BAYHAQI NAINGGOLAN,2011,L,158.0,41.0,KADET,0
TIGER SUMATERA BINJAI,AHMAD AL FATIH ARIFIN,2012,L,145.0,45.0,KADET,1
TIGER SUMATERA BINJAI,ABDI NUGRAHA LUBIS,2010,L,158.0,65.0,KADET,2
TIGER SUMATERA BINJAI,BERIL GABRIEL,2010,L,161.0,45.0,KADET,0
TIGER SUMATERA BINJAI,FAHRI B AGMA,2010,L,165.0,65.0,KADET,2
TIGER SUMATERA BINJAI,MIKHAEL CHRISTIAN PURBA,2011,L,164.0,57.0,KADET,2
Badar Nurul Iman TC,IMAM ZUL HAIRI,2011,L,148.0,37.0,KADET,1
SIBAYAK LIONS CLUB,M. BAGUS ALFAYYADH,2011,L,138.0,30.0,KADET,3
SIBAYAK LIONS CLUB,ALVONSO GEBIENSA GINTING,2012,L,125.0,33.0,KADET,3
SIBAYAK LIONS CLUB,SAIFULLAH,2011,L,135.0,33.0,KADET,3
SIBAYAK LIONS CLUB,ALDEN BERUTU,2010,L,158.0,43.0,KADET,0
SIBAYAK LIONS CLUB,SIMON SINABARIBA,2010,L,130.0,45.0,KADET,3
SIBAYAK LIONS CLUB,KARLOS BREMA TARIGAN,2010,L,160.0,48.0,KADET,0
SIBAYAK LIONS CLUB,MESSIAS BINTANG  SAKTI  PANJAITAN,2011,L,165.0,49.0,KADET,0
SIBAYAK LIONS CLUB,BUNGARAN JONATAN SIMAMORA,2010,L,160.0,51.0,KADET,0
SIBAYAK LIONS CLUB,AMRI GHANI HASIBUAN ,2012,L,159.0,53.0,KADET,0
SIBAYAK LIONS CLUB,BENYAMIN MALAKI SUMANDORO,2012,L,145.0,64.0,KADET,2
SB CLUB,AZKA IBRA NASUTION,2012,L,153.0,46.0,KADET,0
AL-USWAH,ZAID ARFHAM,2010,L,156.0,40.0,KADET,0
AL-USWAH,BASTIAN AHMADIKA ,2011,L,160.0,46.0,KADET,0
AL-USWAH,SENJA LUCKY ALVIANSYAH,2011,L,149.0,29.0,KADET,1
AL-USWAH,M NIZAM RAMADHAN SIREGAR,2011,L,149.0,30.0,KADET,1
AL-USWAH,M.RIFQI DANIEL,2010,L,150.0,47.0,KADET,0
AL-USWAH,M.OZIKRY MUJAHID,2010,L,150.0,45.0,KADET,0
AL-USWAH,M.FADLAN AL HAFIZI,2011,L,156.0,45.0,KADET,0
AL-USWAH,IRHAM MAULANA ARFATH,2011,L,158.0,42.0,KADET,0
Simpang Selayang,Immanuel Bastanta Pandia,2012,L,150.0,65.0,KADET,2
Simpang Selayang,Aaron Frans Brepin Pandia,2012,L,155.0,44.0,KADET,0
PAB SAENTIS,STIVEN RIZKI SIMANJUNTAK,2012,L,130.0,33.0,KADET,3
PAB SAENTIS,VIKTOR DAVIDSON IDOANJU S.,2010,L,145.0,37.0,KADET,1
PAB SAENTIS,CHELVIN HILTON CRISTOVEL S.,2010,L,140.0,37.0,KADET,1
PAB SAENTIS,AL HAKIM GIFHARI,2011,L,150.0,41.0,KADET,1
PAB SAENTIS,LOUIS J. VALENTINO SITOHANG,2011,L,157.0,41.0,KADET,0
PAB SAENTIS,REZA HAIKAL,2011,L,163.0,56.0,KADET,2
JOHOR TC,Fariz Muhammad Hasibuan,2011,L,145.0,50.0,KADET,0
TBBC BELAWAN,HAFIZ HIZBULLAH,2010,L,153.0,33.0,KADET,1
TBBC BELAWAN,CHAIDIR ALI,2011,L,139.0,37.0,KADET,1
TBBC BELAWAN,REZKY NAFA LUTFIL HADI,2012,L,151.0,37.0,KADET,1
GASS TEAM,MARVEL MORANO PARDOSI ,2012,L,165.0,58.0,KADET,2
GASS TEAM,TRISTAN GABRIEL TARIGAN,2011,L,168.0,62.0,KADET,2
GSM,REVAN,2010,L,175.0,55.0,KADET,2
MIKRONOM,Dalmin Karim Aldimen. L,2010,L,169.0,70.0,KADET,2
MIKRONOM,Immanuel Tambun,2010,L,152.0,53.0,KADET,0
MIKRONOM,Nicholas Kosim,2012,L,140.0,42.0,KADET,1
MIKRONOM,Devon Lowell Ghozali,2010,L,145.0,47.0,KADET,1
MIKRONOM,Yohanes Christian Junior Simanjuntak,2010,L,150.0,51.0,KADET,0
MIKRONOM,RODO PASARIBU,2011,L,133.0,35.0,KADET,3
MIKRONOM,PASCAL HOSEA SILAEN,2012,L,143.0,38.0,KADET,1
