CLUB,NAMA,TAHUN,L/P,TB,BB,KATEGORI FESTIVAL,cluster
ZTC BINJAI,AURELA KARINA BABA,2011,P,150.0,44.0,KADET,2
ZTC BINJAI,DEARTY TABITHA TOBING,2011,P,158.0,51.0,KADET,0
ZTC BINJAI,FERLITA NURAINI AUZIA,2010,P,151.0,51.0,KADET,0
ZTC BINJAI,STEVANY PEBINA BR. SEMBIRING,2012,P,154.0,59.0,KADET,0
ZTC BINJAI,IRIYEL SURAMANA SITEPU,2010,P,160.0,47.0,KADET,0
ZTC BINJAI,RAESA AMANDA GINTING,2010,P,164.0,47.0,KADET,3
HTC PUTRA JAYA STABAT,Raisa Br. Bangun,2010,P,166.0,59.0,KADET,3
HTC PUTRA JAYA STABAT,Naomi Magdalena Asima simanjuntak,2010,P,165.0,59.0,KADET,3
MAVERICKS,XENA ZENIATI,2012,P,140.0,29.0,KADET,1
SMPN 8 BINJAI,EMIA JULITA Br. GINTING,2010,P,160.0,56.1,KADET,3
SMPN 8 BINJAI,MONICA ANDRIANI,2010,P,154.0,50.2,KADET,0
HASAKU,JOCELYN ARTHALITA BR KABAN,2012,P,150.0,41.0,KADET,2
KTTC,ASSYLA QANITAH ANANDA,2012,P,156.0,40.0,KADET,2
TAEKWONDO GOLDEN STAR,T SHAHNAZ QORY FITHRAH N K L F,2012,P,135.0,29.0,KADET,1
TI BATU BARA,INAYAH FAHIRAH,2011,P,157.0,47.0,KADET,0
TI BATU BARA,CUT SRI UMAYYAH,2011,P,155.0,51.0,KADET,0
RAJAWALI CLUB,Ester Debora Tarigan,2010,P,156.0,44.0,KADET,2
RAJAWALI CLUB,Cindi Setepani Tambunan,2012,P,151.0,37.0,KADET,2
RAJAWALI CLUB,Savana Putri,2012,P,152.0,52.0,KADET,0
MTC SERGAI,HILDA SYAFALMA DIRADHA,2011,P,148.0,42.0,KADET,2
MTC SERGAI,STEVEN PEBRIO NAMORA HUTAGALUNG,2011,P,155.0,43.0,KADET,2
KHENZUA FIGHTER,RHACELLA MAUREN,2012,P,145.0,37.0,KADET,1
KHENZUA FIGHTER,BUNGA VHALINDCIA,2010,P,162.0,60.0,KADET,3
RAI TAEKWONDO TEAM,Sepania Miranda Silalahi,2012,P,150.0,37.0,KADET,2
RAI TAEKWONDO TEAM,Indira Dwi Natasya  ,2011,P,153.0,49.0,KADET,0
GRETT INDONESIA,PUAN SADJADU,2010,P,153.0,50.0,KADET,0
GRETT INDONESIA,NADA AULIA,2010,P,151.0,39.0,KADET,2
Kazoku Taekwondo Team,Keyla Aprilia Sembiring,2010,P,150.0,37.0,KADET,2
Kazoku Taekwondo Team,Audria Fitaloka,2010,P,155.0,41.0,KADET,2
Kazoku Taekwondo Team,Tania Fara Diba,2010,P,155.0,44.0,KADET,2
Kazoku Taekwondo Team,Kayla Agus Ramadani,2010,P,150.0,55.0,KADET,0
ALAM LEUSER,NABILA SAFIRA ,2011,P,143.0,33.0,KADET,1
ALAM LEUSER,MUSHOFIA KHAIRIYAH THOZI,2010,P,150.0,37.0,KADET,2
ALAM LEUSER,KHAIRIZA ARVA PUTRI SEMBIRING,2010,P,148.0,42.0,KADET,2
ALAM LEUSER,NAYSA NATHANIA BANGUN,2011,P,160.0,47.0,KADET,0
ALAM LEUSER,JESICA CALISTA BANGUN,2010,P,165.0,59.0,KADET,3
TIGER SUMATERA BINJAI,MUMTAZA KIRAN ASSYAKILA,2012,P,135.0,37.0,KADET,1
TIGER SUMATERA BINJAI,EMIA ABIGAEL BR SURBAKTI,2010,P,158.0,41.0,KADET,2
TIGER SUMATERA BINJAI,AURA DIVA KUSERA,2010,P,157.0,51.0,KADET,0
WOLF REBORN TAEKWONDO TEAM,REHULINA Br SIPAYUNG,2011,P,150.0,51.0,KADET,0
Champion Fighter TC,Nurul Aini,2010,P,140.0,41.0,KADET,1
UKM TAEKWONDO USU,NASRIN AHMADI,2008,P,156.0,52.0,KADET,0
UKM TAEKWONDO USU,ROQHAIAH NAZARI,2010,P,161.0,52.0,KADET,3
SIBAYAK LIONS CLUB,ANGGIE SINAGA,2010,P,140.0,42.0,KADET,1
PAB SAENTIS,SYAHBILA KARTIKA,2010,P,142.0,37.0,KADET,1
PAB SAENTIS,NURUL SABRINA,2012,P,140.0,37.0,KADET,1
PAB SAENTIS,TSARWAH MUTIARA ATSANI,2012,P,150.0,41.0,KADET,2
PAB SAENTIS,PUTRI UTAMI,2011,P,150.0,44.0,KADET,2
PAB SAENTIS,RAHMA NAIFAH SIREGAR,2011,P,159.0,44.0,KADET,2
PAB SAENTIS,RASYIKA NOZORA,2012,P,148.0,45.0,KADET,2
PAB SAENTIS,AISYAH SHAHIRAH,2010,P,154.0,47.0,KADET,0
PAB SAENTIS,SYABRINA NESYA KHIARA HARAPAN,2012,P,150.0,47.0,KADET,2
PAB SAENTIS,DUWI OCTAVIA RAHAYU,2011,P,160.0,55.0,KADET,3
UNPRI TKD CLUB,Melati Umaira,2012,P,153.0,42.0,KADET,2
TBBC BELAWAN,ASYIFA AZRINKA PUTRI JAM'AS,2011,P,139.0,37.0,KADET,1
TBBC BELAWAN,KEISYA ARNINDHITA,2011,P,145.0,29.0,KADET,1
TBBC BELAWAN,NAOMI SHAKILA HIDAYAT,2012,P,147.0,55.0,KADET,0
GASS TEAM,ANGRENI MARIA G SIMBOLON ,2010,P,148.0,47.0,KADET,2
GASS TEAM,MELISA ARTA BANGUN,2010,P,163.0,59.0,KADET,3
GASS TEAM,KANAYA PUTRI,2010,P,153.0,44.0,KADET,2
GASS TEAM,AULIA NUR  ASHIFAH,2010,P,150.0,45.0,KADET,2
GSM,AXELIA GASHANI DARA PUTRI,2012,P,144.0,37.0,KADET,1
GSM,ZHIVANA KAWURI PUTRI TUNGGAL,2011,P,145.0,35.0,KADET,1
MIKRONOM,Wanti Octaviany Haloho,2011,P,155.0,42.0,KADET,2
MIKRONOM,Aulia Hutabarat,2011,P,150.0,53.0,KADET,0
MIKRONOM,Alwyna Purba,2011,P,159.0,58.0,KADET,3
