CLUB,NAMA,TAHUN,L/P,TB,BB,KATEGORI FESTIVAL,cluster
HTC PUTRA JAYA STABAT,FRANCE HISKIA SIMAMORA,2018,L,138.0,30.0,PRAKADET A,2
FATHUR-RAHMAN TKD,PARASIAN AKHTAR,2018,L,105.0,21.5,PRAKADET A,1
HASAKU,GIBRAN ATHALLAH NASUTION,2017,L,115.0,28.0,PRAKADET A,0
KTTC,MUHAMMAD ABUZAR SAKHI,2017,L,100.0,18.0,PRAKADET A,1
KTTC,RAMADHAN ASHKII ALTHANI,2017,L,120.0,20.0,PRAKADET A,0
KHENZUA FIGHTER,MUHAMMAD ALGAZALI,2019,L,105.0,16.0,PRAKADET A,1
KHENZUA FIGHTER,MHD ARKHA AIDIEL,2017,L,125.0,23.0,PRAKADET A,0
RAI TAEKWONDO TEAM,Jehezkiel Billy Panjaitan,2018,L,117.0,18.0,PRAKADET A,0
RAI TAEKWONDO TEAM,Alvaro Givariel Hulu,2017,L,116.0,20.0,PRAKADET A,0
RAI TAEKWONDO TEAM,Fairuz Azka Nugraha ,2017,L,123.0,21.0,PRAKADET A,0
TIGER SUMATERA BINJAI,HARRY AL ZIKRI TARIGAN,2017,L,121.0,18.0,PRAKADET A,0
TIGER SUMATERA BINJAI,FABIAN ATTARSYAH KRISNANDA,2017,L,119.0,18.0,PRAKADET A,0
TIGER SUMATERA BINJAI,MARTOGI PEREIRA SIMARMATA,2019,L,119.0,28.0,PRAKADET A,0
TIGER SUMATERA BINJAI,KENWARD MESAKH GRAT SEBAYANG,2017,L,120.0,22.0,PRAKADET A,0
TIGER SUMATERA BINJAI,ABQORI ARSENIO,2017,L,115.0,24.0,PRAKADET A,0
TIGER SUMATERA BINJAI,REYNAND ALZARO GEA,2017,L,120.0,20.0,PRAKADET A,0
Badar Nurul Iman TC,IBNU RAZKA AUFAA,2017,L,125.0,22.0,PRAKADET A,0
Champion Fighter TC,Sandri Abdillah Sandjaya,2018,L,110.0,20.0,PRAKADET A,1
Champion Fighter TC,Geonathan Azel Situmeang,2018,L,90.0,16.0,PRAKADET A,1
Champion Fighter TC,Alvaro Gavriel Sohahuaon Sianturi,2017,L,115.0,30.0,PRAKADET A,0
SIBAYAK LIONS CLUB,EVAN GIAN GINTING,2017,L,121.0,24.0,PRAKADET A,0
SIBAYAK LIONS CLUB,AARON JOSUA MARBUN,2013,L,125.0,26.0,PRAKADET A,0
SIBAYAK LIONS CLUB,ADRIEL ERLANDO,2013,L,130.0,30.0,PRAKADET A,2
SIBAYAK LIONS CLUB,JOSIA BHARLIND SIBAGARIANG,2013,L,120.0,35.0,PRAKADET A,2
SIBAYAK LIONS CLUB,AGUERO TARIGAN,2013,L,135.0,35.0,PRAKADET A,2
SIBAYAK LIONS CLUB,CHRISTIAN PUTRA GINTING,2014,L,140.0,41.0,PRAKADET A,2
Macan Taekwondo Club Medan,Haikal Abhisatya,2017,L,124.0,19.5,PRAKADET A,0
Simpang Selayang,Arhan ,2017,L,129.0,30.0,PRAKADET A,2
UNPRI TKD CLUB,Alfath,2017,L,132.0,42.0,PRAKADET A,2
GSM,AHDA KAIZEN HAKIM,2017,L,125.0,21.0,PRAKADET A,0
MIKRONOM,ERIK HEZESKIEL SIHOMBING,2017,L,105.0,22.0,PRAKADET A,1
MIKRONOM,Garry Nathan Alfares Siahaan,2018,L,127.0,26.0,PRAKADET A,0
MIKRONOM,Pangeran,2017,L,123.0,25.8,PRAKADET A,0
