CLUB,NAMA,TAHUN,L/P,TB,BB,KATEGORI FESTIVAL,cluster
ZTC BINJAI,AISYAH AQILLA,2013,P,149.0,49.0,PRAKADET C,1
HTC PUTRA JAYA STABAT,CHELSEA MEISIA BR MARBUN,2013,P,140.0,30.0,PRAKADET C,2
MAVERICKS,YOHANA TOGATOROP,2013,P,140.0,48.0,PRAKADET C,1
MAVERICKS,NASRO FRANSISKA SIHOTANG,2013,P,143.0,45.0,PRAKADET C,1
MAVERICKS,MELATI QUEN MALAU,2013,P,130.0,24.0,PRAKADET C,0
MAVERICKS,FELICIA INEZ SIMAMORA,2013,P,141.0,30.0,PRAKADET C,2
MAVERICKS,KHALISA YUMMA CAPAH,2014,P,139.0,30.0,PRAKADET C,2
MAVERICKS,ELIF CESYA SIHOTANG,2014,P,135.0,28.0,PRAKADET C,0
HIRMAT TC,Arkana Sachi Al-Faqih Harahap,2014,P,138.0,29.0,PRAKADET C,2
KTTC,ANNABELLA  KYLIE LIAURENCIUS,2013,P,140.0,40.0,PRAKADET C,2
TI BATU BARA,MEILITKA MEHULIKA BR GINTING,2014,P,130.0,30.0,PRAKADET C,0
RAJAWALI CLUB,Aqila Farahnisa Pasaribu,2013,P,155.0,49.0,PRAKADET C,1
RAI TAEKWONDO TEAM,Hanna Shahirah Hutahayan ,2013,P,140.0,30.0,PRAKADET C,2
ALAM LEUSER,YUMNA SHIDQIYYAH RAHMAN,2013,P,133.0,24.0,PRAKADET C,0
SB CLUB,WIDYA SYAKIRAH,2013,P,152.0,56.0,PRAKADET C,1
Golden Warrior,Ain Aulia Br Perangi-angin,2014,P,144.0,33.0,PRAKADET C,2
PTA,CATARINA SITANGGANG,2013,P,146.0,44.0,PRAKADET C,1
PAB SAENTIS,AIRY BUNGA CANTIKA,2014,P,134.0,26.0,PRAKADET C,0
PAB SAENTIS,MARSYA ZAFIRAH FATHIHA,2013,P,140.0,33.0,PRAKADET C,2
PAB SAENTIS,NAZLAH AMELIA,2013,P,144.0,33.0,PRAKADET C,2
PAB SAENTIS,IZZAH INSYIRAH,2013,P,128.0,28.0,PRAKADET C,0
PAB SAENTIS,FAKHIRA AMIRATUSYIFA,2013,P,150.0,37.0,PRAKADET C,1
UNPRI TKD CLUB,Medina Syahira Habibah,2013,P,124.0,25.0,PRAKADET C,0
UNPRI TKD CLUB,Naomi Dea Barus,2013,P,140.0,35.0,PRAKADET C,2
JOHOR TC,Alya Najwa Kamilah,2013,P,140.0,40.0,PRAKADET C,2
TBBC BELAWAN,MUZDHALIFA ZAHRA,2014,P,140.0,26.0,PRAKADET C,2
TBBC BELAWAN,ALINKA YUAN SYAHPUTRI,2013,P,136.0,26.0,PRAKADET C,0
