CLUB,NAMA,TAHUN,L/P,TB,BB,KATEGORI FESTIVAL,cluster
ZTC BINJAI,ALIKHA CORDELIA PUTRI,2015,P,126.0,28.0,PRAKADET B,0
ZTC BINJAI,OCTAVANY ADELIA PUTRI,2016,P,123.0,36.0,PRAKADET B,0
HTC PUTRA JAYA STABAT,Farriisha Ivana Togatorop,2016,P,135.0,26.0,PRAKADET B,0
HTC PUTRA JAYA STABAT,Annisa Syaudiya Azalia Eisa,2016,P,130.0,22.0,PRAKADET B,0
MAVERICKS,PUTERI BADAR RAHAYU,2015,P,133.0,45.0,PRAKADET B,1
HASAKU,BILQIS UFAIRA,2015,P,130.0,39.0,PRAKADET B,1
KTTC,FATIN HUMAIRA ARMEISYAH,2015,P,138.0,33.09,PRAKADET B,1
KTTC,FATIMAH AZZAHRA,2015,P,123.0,23.5,PRAKADET B,2
Durin tonggal ,Fika Flora Br Gurusinga ,2014,P,130.0,28.0,PRAKADET B,0
Ar-rahman Taekwondo Club,Kirana Fakhira Alfarisi,2016,P,135.0,45.0,PRAKADET B,1
RAJAWALI CLUB,Salsa Bila Sekar Lathifa,2015,P,131.0,22.0,PRAKADET B,0
TIGER SUMATERA BINJAI,ADIBA SYAQILA BR TELAUMBANUA,2015,P,120.0,22.0,PRAKADET B,2
TIGER SUMATERA BINJAI,STANISVANIA GALVANI BR SIMARMATA,2016,P,125.0,22.0,PRAKADET B,0
TIGER SUMATERA BINJAI,KIANDRA ANAIA GINTING,2015,P,128.0,22.0,PRAKADET B,0
TIGER SUMATERA BINJAI,RALINE HAURA FALISA,2015,P,117.0,24.0,PRAKADET B,2
TIGER SUMATERA BINJAI,AGUS TRIANY ZIRE,2016,P,117.0,22.0,PRAKADET B,2
TIGER SUMATERA BINJAI,NURITA AISYAH PUTRI,2015,P,135.0,36.0,PRAKADET B,1
TIGER SUMATERA BINJAI,JANE FEBRIANI HUMAIRAH BR HUTABARAT,2015,P,118.0,18.0,PRAKADET B,2
TIGER SUMATERA BINJAI,ARSHYFA SATYA AYURI,2016,P,131.0,28.0,PRAKADET B,0
Golden Warrior,Aulia Salsabila Br Perangin-angin,2015,P,126.0,28.0,PRAKADET B,0
PAB SAENTIS,RASYIQAH AZ-ZAHRA,2015,P,122.0,20.0,PRAKADET B,2
PAB SAENTIS,MAHIRA HASNA KAMILA,2015,P,132.0,24.0,PRAKADET B,0
UNPRI TKD CLUB,Ashira Islami Yadika,2015,P,145.0,35.0,PRAKADET B,1
TBBC BELAWAN,JASMINE AZZAHRA PUTRI,2016,P,118.0,18.0,PRAKADET B,2
GSM,KEYSHA KAIRINA RITONGA,2016,P,125.0,25.0,PRAKADET B,0
