CLUB,NAMA,TAHUN,L/P,TB,BB,KATEGORI FESTIVAL,cluster
ZTC BINJAI,RIFQI SYAHBANA,2014,L,140.0,30.0,PRAKADET C,2
ZTC BINJAI,BAREN HOT PAKKAR LINGGA,2013,L,136.0,33.0,PRAKADET C,2
ZTC BINJAI,AZKA ABQARY AZMI SIAHAAN,2013,L,145.0,39.0,PRAKADET C,0
ZTC BINJAI,ALARIC TRISTAN TARIGAN,2013,L,152.0,42.0,PRAKADET C,0
ZTC BINJAI,LIONEL HABIBINTA MELIALA,2013,L,143.0,45.0,PRAKADET C,0
MAVERICKS,PASTABER MARBUN,2013,L,137.0,30.0,PRAKADET C,2
MAVERICKS,YOEL BENEDICTUS SIAHAAN,2014,L,135.0,30.0,PRAKADET C,2
MAVERICKS,ROBI SARAGI,2014,L,135.0,45.0,PRAKADET C,0
MAVERICKS,VICKY MANULLANG,2014,L,133.0,28.0,PRAKADET C,2
MAVERICKS,NATHANAEL PROLIHAN MANIK,2013,L,135.0,36.0,PRAKADET C,2
MAVERICKS,SAUT ROMA IRO PASARIBU,2014,L,143.0,28.0,PRAKADET C,2
SMPN 8 BINJAI,ADE ZILBRAN AL-HALIM,2013,L,138.0,31.9,PRAKADET C,2
HASAKU ,LINTANG BAGAS PRAKOSO,2014,L,135.0,28.0,PRAKADET C,2
HASAKU,KEANU ALFATAN,2013,L,140.0,45.0,PRAKADET C,0
HASAKU,FAIZ HABIBI BUDIMAN ,2013,L,150.0,42.0,PRAKADET C,0
HASAKU,FADEL MUHAMMAD,2013,L,130.0,26.0,PRAKADET C,1
HASAKU,MHD AZZAM SYAZANI,2013,L,155.0,45.0,PRAKADET C,0
KTTC,FELIPE CALDERO SEMBIRING,2013,L,138.0,35.0,PRAKADET C,2
Durin tonggal,Gabriel Berutu ,2013,L,126.0,45.0,PRAKADET C,2
Durin tonggal,Marsel Anggara Baru,2015,L,122.0,26.0,PRAKADET C,1
TI BATU BARA,MUHAMMAD FAIZ ASSHIDDIQ,2013,L,130.0,28.0,PRAKADET C,1
RAJAWALI CLUB,Arda Yulianda Putra,2013,L,149.0,59.0,PRAKADET C,0
RAJAWALI CLUB,Yusuf Bonaran Sitorus,2013,L,140.0,38.0,PRAKADET C,2
MTC SERGAI,DAHRIZA GUNAWAN,2013,L,140.0,30.0,PRAKADET C,2
MTC SERGAI,GIANO AZHRIEL HUTAGALUNG,2013,L,141.0,39.0,PRAKADET C,0
RAI TAEKWONDO TEAM,Andrian  Surbakti ,2014,L,140.0,42.0,PRAKADET C,0
RAI TAEKWONDO TEAM,Jhoel Davin Panjaitan,2014,L,134.0,30.0,PRAKADET C,2
SCROPION KIDS,M. ALARIC SYAHREZA,2013,L,139.0,31.0,PRAKADET C,2
Kazoku Taekwondo Team,Daffa Prasetia,2013,L,130.0,24.0,PRAKADET C,1
ALAM LEUSER,MUHAMMAD ERLANGGA,2013,L,145.0,30.0,PRAKADET C,2
ALAM LEUSER,DICA SYAHPUTRA,2013,L,140.0,30.0,PRAKADET C,2
TIGER SUMATERA BINJAI,ABDURRAHMAN FAIZ AD DAKHIL,2014,L,127.0,26.0,PRAKADET C,1
TIGER SUMATERA BINJAI,MAICHAL LOIS,2014,L,132.0,26.0,PRAKADET C,1
TIGER SUMATERA BINJAI,NICANDER ARGATA,2014,L,132.0,28.0,PRAKADET C,2
TIGER SUMATERA BINJAI,SUTAN NABASA,2013,L,135.0,36.0,PRAKADET C,2
TIGER SUMATERA BINJAI,MUHAMMAD FAREL ADETYA,2013,L,145.0,44.0,PRAKADET C,0
TIGER SUMATERA BINJAI,GIANT JENTRO GRAT SEBAYANG,2014,L,140.0,30.0,PRAKADET C,2
TIGER SUMATERA BINJAI,ALVARO MAZEL SEMBIRING,2014,L,125.0,22.0,PRAKADET C,1
TIGER SUMATERA BINJAI,FADHILLAH AKBAR SURBAKTI,2013,L,148.0,39.0,PRAKADET C,0
WOLF REBORN TAEKWONDO TEAM,EDI RYCARDO SIPAYUNG,2013,L,147.0,45.0,PRAKADET C,0
R.A ONE,FAHRI HASSAN UKAIL,2013,L,153.0,45.0,PRAKADET C,0
Macan Taekwondo Club Medan,Alkhalifi Ahmad Hakiki,2014,L,147.0,35.0,PRAKADET C,0
SB CLUB,KEVIN SULAIMAN,2013,L,138.0,31.0,PRAKADET C,2
PTA,MUHAMMAD AKHSAN BAIHAQI RAO,2013,L,143.0,38.0,PRAKADET C,0
PTA,TIMOTI LEO SIDEBANG,2013,L,125.0,32.0,PRAKADET C,1
Simpang Selayang,Rangga Chalfaro Tarigan ,2014,L,140.0,44.0,PRAKADET C,0
PAB SAENTIS,AMAT WIBISONO,2013,L,127.0,22.0,PRAKADET C,1
PAB SAENTIS,M. IQBAL PERMANA,2013,L,143.0,24.0,PRAKADET C,2
PAB SAENTIS,RADITIA FERDINAN SITOMPUL,2014,L,135.0,26.0,PRAKADET C,2
PAB SAENTIS,MUHAMMAD ABIZDAR AL KHAIRI,2014,L,140.0,26.0,PRAKADET C,2
PAB SAENTIS,OSHKY PRATAMA,2013,L,145.0,46.0,PRAKADET C,0
PAB SAENTIS,REZI AL FATHIR,2014,L,144.0,28.0,PRAKADET C,2
PAB SAENTIS,ARZIKI WIRATAMA,2013,L,140.0,30.0,PRAKADET C,2
UNPRI TKD CLUB,Fatih Abdullah ,2013,L,144.0,47.0,PRAKADET C,0
UNPRI TKD CLUB,Rafa Al Baihaqi Mbarita,2013,L,135.0,30.0,PRAKADET C,2
TBBC BELAWAN,AILLI IZZ SIDDIQ,2014,L,129.0,24.0,PRAKADET C,1
TBBC BELAWAN,RIQOLBY RAJA VAJRA,2013,L,136.0,24.0,PRAKADET C,2
TBBC BELAWAN,SATRIA NUSANTARA,2013,L,136.0,28.0,PRAKADET C,2
TBBC BELAWAN,ALPATAR SIRAIT,2014,L,133.0,28.0,PRAKADET C,2
GSM,TALITA NAZWA,2014,L,137.0,36.0,PRAKADET C,2
GSM,NAUFAL RITONGA,2014,L,144.0,39.0,PRAKADET C,0
GSM,RAFA SAGALA,2014,L,103.0,27.0,PRAKADET C,1
GSM,REALDHN ABIYSYAB HRP,2014,L,140.0,29.0,PRAKADET C,2
GSM,SAFKY ABQARI RAMADHAN,2014,L,133.0,32.0,PRAKADET C,2
GSM,MHD SHAWAQY ALQHIFARY SIMAMORA,2014,L,150.0,59.0,PRAKADET C,0
TKD SITI HAJAR,SATRIA DANISH EHZA GINTING,2013,L,140.0,45.0,PRAKADET C,0
TKD SITI HAJAR,SAKHA PRAJNA NASUTION,2013,L,135.0,30.0,PRAKADET C,2
TKD SITI HAJAR,ZAVIER THEO ADLYANO,2013,L,136.0,35.0,PRAKADET C,2
MIKRONOM,CHRISTIANO JOSEFIN L TOBING,2013,L,120.0,25.0,PRAKADET C,1
MIKRONOM,GLENN HODYIA RHAFAEL TAMPUBOLON,2013,L,140.0,35.0,PRAKADET C,2
MIKRONOM,FELIX CRISTIANO TAMBUNAN,2014,L,134.0,29.0,PRAKADET C,2
MIKRONOM,Jerick Aldiansyah,2014,L,130.0,29.2,PRAKADET C,1
MIKRONOM,Kevin Tananda,2013,L,135.0,37.0,PRAKADET C,2
MIKRONOM,ENRIQUE LIONGSPIN,2014,L,145.0,38.0,PRAKADET C,0
MIKRONOM,ALDO AMSAL WILLIAM ARITONANG,2012,L,145.0,43.0,PRAKADET C,0
MIKRONOM,ALDWIN NAUNGI TAMBUNAN,2013,L,143.0,53.0,PRAKADET C,0
