CLUB,NAMA,TAHUN,L/P,TB,BB,KATEGORI FESTIVAL,cluster
ZTC BINJAI,KENZO ALVARO GINTING,2016,L,130.0,30.0,PRAKADET B,0
MAVERICKS,FILEMON SITUMORANG,2016,L,125.0,22.0,PRAKADET B,1
MAVERICKS,YOSIA PAHOT SITANGGANG,2016,L,120.0,22.0,PRAKADET B,1
MAVERICKS,GABRIEL MANALU,2015,L,130.0,29.0,PRAKADET B,0
HIRMAT TC,Muhammad Kabiir Al - Fatah,2015,L,125.0,25.0,PRAKADET B,1
HASAKU,CLAUDIO TIMOTHY MANIK,2015,L,135.0,36.0,PRAKADET B,0
TI BATU BARA,ALMALIK AQWA,2016,L,130.0,33.0,PRAKADET B,0
TI BATU BARA,DAFFA PRASETYO,2015,L,130.0,30.0,PRAKADET B,0
RAJAWALI CLUB,M Tri Haikal,2016,L,129.0,24.0,PRAKADET B,1
RAJAWALI CLUB,Reinhard Natanael Saragih,2015,L,120.0,25.0,PRAKADET B,1
FERACO TC,DENIS AULYA PRATAMA,2015,L,125.0,25.0,PRAKADET B,1
RAI TAEKWONDO TEAM,Rifky Budiman ,2015,L,125.0,21.0,PRAKADET B,1
RAI TAEKWONDO TEAM,Hauzan Irhab Nabil,2015,L,140.0,42.0,PRAKADET B,0
ALAM LEUSER,AL KHAFI ,2015,L,133.0,24.0,PRAKADET B,1
TIGER SUMATERA BINJAI,KASYAFA ABINAYA GINTING,2016,L,102.0,18.0,PRAKADET B,2
TIGER SUMATERA BINJAI,AZKA AZZAMI FATHAN,2016,L,130.0,28.0,PRAKADET B,1
TIGER SUMATERA BINJAI,M ADITYA ARIZA,2016,L,126.0,24.0,PRAKADET B,1
TIGER SUMATERA BINJAI,RAVATIH AL HAKIM,2015,L,128.0,26.0,PRAKADET B,1
Macan Taekwondo Club Medan,Abiandra Argani Suman ,2015,L,132.0,25.0,PRAKADET B,1
Macan Taekwondo Club Medan,Jazzy El Zaheer,2016,L,120.0,17.0,PRAKADET B,1
PTA,FATHIR ABIGAIL MASKA,2015,L,135.0,34.0,PRAKADET B,0
PTA,LOUIS TRISTAN MARANATA,2015,L,135.0,33.0,PRAKADET B,0
Simpang Selayang,Muhammed Keano,2015,L,135.0,35.0,PRAKADET B,0
Simpang Selayang,Dzaky Yodah Hasani Hasibuan,2016,L,130.0,26.0,PRAKADET B,1
Simpang Selayang,Assraf  Ellnsihasari Hasibuan ,2015,L,130.0,27.0,PRAKADET B,1
PAB SAENTIS,ALKHALIFI KHAIRY,2016,L,110.0,18.0,PRAKADET B,2
PAB SAENTIS,AZKA AZFAR,2015,L,120.0,24.0,PRAKADET B,1
PAB SAENTIS,AL-KAHFI GIFHARI,2015,L,128.0,30.0,PRAKADET B,0
UNPRI TKD CLUB,Aldrik El Kareem Marpaung,2016,L,135.0,31.0,PRAKADET B,0
UNPRI TKD CLUB,Zeeshan Ahmad Waruwu,2016,L,135.0,28.0,PRAKADET B,0
JOHOR TC,Mhd Taqiy Rajwa,2018,L,100.0,18.0,PRAKADET B,2
TBBC BELAWAN,MUHAMMAD HABIBI,2016,L,129.0,24.0,PRAKADET B,1
TBBC BELAWAN,ALEXANDER SONANG SIRAIT,2015,L,128.0,26.0,PRAKADET B,1
MIKRONOM,JORDANIO MARANDREAS ANGGIAT SIAHAAN,2015,L,101.0,22.0,PRAKADET B,2
MIKRONOM,Elward Tandiyono,2016,L,132.0,43.0,PRAKADET B,0
MIKRONOM,Kris Tananda,2016,L,120.0,22.0,PRAKADET B,1
MIKRONOM,Partogi Naldo Haruko Mangunsong,2015,L,127.0,21.0,PRAKADET B,1
