CLUB,NAMA,TAHUN,L/P,TB,BB,KATEGORI FESTIVAL,cluster
FK UNMETH,Ewaldo Prayoga Nainggolan,2004,L,165.0,46.0,SENIOR,1
FK UNMETH,Jacky Chan Nicholas Hutabarat,2006,L,174.0,73.0,SENIOR,0
PETARUNG 0206 ,RANGGA GERALVA TURNIP,2006,L,167.0,55.0,SENIOR,1
PETARUNG 0206 ,FEBRI VALENTINO MUNTHE,2004,L,178.0,75.0,SENIOR,0
POLTEKBANG MEDAN,RAJA ANANDRA PUTRA GINTING,2004,L,176.0,63.0,SENIOR,0
POLTEKBANG MEDAN,FRANSDITO ARYO WICAKSONO,2004,L,180.0,83.0,SENIOR,2
POLTEKBANG MEDAN,DEVIN FAYZUL HAQ GINTING,2004,L,170.0,67.0,SENIOR,0
RAI TAEKWONDO TEAM,Ahmad Rasya Matondang ,2006,L,170.0,60.0,SENIOR,0
UKM TAEKWONDO USU,EZEKIEL ALDRIK SUSILO SIMARMATA,2004,L,171.0,70.0,SENIOR,0
UKM TAEKWONDO USU,LEONARD JHOSUA HUTABARAT,2005,L,175.0,73.0,SENIOR,0
UKM TAEKWONDO USU,SAUT MARTUA PARDEDE,2007,L,161.0,48.0,SENIOR,1
SIBAYAK LIONS CLUB,MARCHELLIUS,2004,L,155.0,71.0,SENIOR,1
Universitas Tjut Nyak Dhien ,Andrean Harahap ,2003,L,165.0,60.0,SENIOR,1
Universitas Tjut Nyak Dhien ,Juel Salem Gea,2002,L,160.0,53.0,SENIOR,1
Universitas Tjut Nyak Dhien ,Tri Anugrah Syukur Gea ,2003,L,160.0,49.0,SENIOR,1
Universitas Tjut Nyak Dhien ,Irwan buulolo,2002,L,160.0,56.0,SENIOR,1
UNIKA,Robertus Alua,2004,L,165.0,65.0,SENIOR,1
UNPRI TKD CLUB,Apit Benaya Ginting,2004,L,162.0,52.0,SENIOR,1
UNPRI TKD CLUB,Ahmad Yusuf Fauzan,2005,L,175.0,55.0,SENIOR,0
UNPRI TKD CLUB,James Piter Simatupang,2003,L,170.0,68.0,SENIOR,0
Taekwondo UMA,Monang Fernando Pasaribu,2005,L,165.0,58.0,SENIOR,1
Taekwondo UMA,Rizky Abdillah,2003,L,165.0,74.0,SENIOR,0
HUMAIRA TAEKWONDO CLUB,M. ADNAN HASIBUAN,2005,L,170.0,63.0,SENIOR,0
Upm.Univ.Panca Budi Medan,RAFLES PRASUKI PASARIBU,2002,L,153.0,53.0,SENIOR,1
Upm.Univ.Panca Budi Medan,ROHIM,2003,L,173.0,76.0,SENIOR,0
MIKRONOM,Aldo Manullang,2004,L,160.0,68.0,SENIOR,1
MIKRONOM,Andre Daniel Sitinjak,2002,L,163.0,68.0,SENIOR,1
MIKRONOM,Nabilly Mara,2004,L,172.0,76.0,SENIOR,0
MIKRONOM,Samuel Sumegit Bastanta Brahmana,2005,L,168.0,68.0,SENIOR,0
MIKRONOM,Samuel G. Christian Pakpahan,2003,L,170.0,60.45,SENIOR,0
MIKRONOM,Aldo Sebastian,2003,L,165.0,63.0,SENIOR,1
MIKRONOM,Muhammad Aura Fiergiansyah Ginting,2005,L,175.0,77.6,SENIOR,0
MIKRONOM,Jack Bryan,2004,L,171.0,81.0,SENIOR,0
MIKRONOM,Ryu Kierando,2005,L,165.0,50.2,SENIOR,1
MIKRONOM,Vincent Colins,2006,L,162.0,48.0,SENIOR,1
MIKRONOM,Isakhar Julio Caesar Sitompul,2005,L,170.0,58.0,SENIOR,0
MIKRONOM,Tengku Farhan,2003,L,162.0,47.0,SENIOR,1
MIKRONOM,Jonathan Simanjuntak,2004,L,168.0,54.0,SENIOR,1
MIKRONOM,Monang Soaloon Sirait,2005,L,170.0,62.2,SENIOR,0
MIKRONOM,Lucky Azrarur Rahman,2005,L,165.0,60.0,SENIOR,1
MIKRONOM,Rafa Al-Faroukh,2006,L,171.0,59.0,SENIOR,0
MIKRONOM,Joshua Simanjuntak,2001,L,168.0,53.6,SENIOR,1
MIKRONOM,Kevin Rusvinaldi,2004,L,170.0,115.0,SENIOR,2
MIKRONOM,Kaleb Yoan vino purba,2004,L,185.0,105.0,SENIOR,2
