CLUB,NAMA,TAHUN,L/P,TB,BB,KATEGORI FESTIVAL,cluster
TKD GOR Dairi,Jesika Dana Lumban Batu,2006,P,154.0,49.0,SENIOR,1
MAVERICKS,DITA ULI LUMBAN GAOL,2006,P,163.0,57.0,SENIOR,0
POLTEKBANG MEDAN,EMIYA ANGELITA TARIGAN,2005,P,161.0,53.0,SENIOR,0
RAI TAEKWONDO TEAM,R R Misha Emyra,2003,P,139.0,46.0,SENIOR,1
Badar Nurul Iman TC,DEBY TAMARA SIANIPAR,2006,P,153.0,50.0,SENIOR,1
UKM TAEKWONDO USU,PUTRI SION BUTAR-BUTAR,2004,P,157.0,73.0,SENIOR,2
UKM TAEKWONDO USU,ANATASYA RONATAMA SITORUS,2005,P,164.0,56.0,SENIOR,0
UKM TAEKWONDO USU,PUTRI RAMADINI,2005,P,155.0,45.0,SENIOR,1
Universitas Tjut Nyak Dhien ,Erlis Magdalena Laia,2005,P,150.0,53.0,SENIOR,1
Universitas Tjut Nyak Dhien ,Aguslinda Buulolo,2005,P,145.0,47.0,SENIOR,1
Universitas Tjut Nyak Dhien ,Wilda Pasya ,2006,P,155.0,50.0,SENIOR,1
SB CLUB,NUR AISYAH PUTRI,2006,P,158.0,48.0,SENIOR,1
UNPRI TKD CLUB,Nofi Brina Br. Ginting,2003,P,150.0,45.0,SENIOR,1
UNPRI TKD CLUB,Afriliana Tanjung,2005,P,150.0,68.0,SENIOR,2
TBBC BELAWAN,MONICA ,1999,P,156.0,53.0,SENIOR,1
Taekwondo UMA,Lira Perna Manurung,2004,P,163.0,53.0,SENIOR,0
GASS TEAM,BRIGITHA A PANJAITAN,2006,P,150.0,55.0,SENIOR,1
Upm.Univ.Panca Budi Medan,NIA AGUSTRI LASE,2004,P,160.0,53.0,SENIOR,0
Upm.Univ.Panca Budi Medan,MUTHIA SYAPITRI,2004,P,170.0,74.0,SENIOR,2
MIKRONOM,Hotnida Junita Pasaribu,2004,P,153.0,52.5,SENIOR,1
MIKRONOM,Nelly Agustina,2003,P,170.0,57.0,SENIOR,0
MIKRONOM,Raihan Ali,2002,P,175.0,72.5,SENIOR,2
MIKRONOM,Rotua Eka Wati Sitorus,2004,P,169.0,57.0,SENIOR,0
MIKRONOM,Titi Riyanti Manik,2005,P,151.0,47.0,SENIOR,1
MIKRONOM,Bunga Pransa Silaban,1999,P,165.0,67.0,SENIOR,2
MIKRONOM,Tesya Esra Afriliyani Tambunan,2005,P,165.0,57.0,SENIOR,0
MIKRONOM,RentianaHasugian,2005,P,167.0,60.3,SENIOR,0
MIKRONOM,Dhea Lovita,2003,P,165.0,62.0,SENIOR,0
MIKRONOM,Sartika Hutauruk,2001,P,158.0,49.0,SENIOR,1
